Title-module__anchor--GmXUE href	Title-module__anchor--GmXUE	ReposListItem-module__Label_2--Z6b0K	ReposListItem-module__Text_4--mkG7R	ReposListItem-module__Link_1--v5NDF	ReposListItem-module__Link_1--v5NDF href	ReposListItem-module__Link_1--v5NDF 2	ReposListItem-module__Link_1--v5NDF href 2	ReposListItem-module__Box_6--KXqca 3	ReposListItem-module__Link_1--v5NDF 3	ReposListItem-module__Link_1--v5NDF href 3
https://github.com/racket/rhombus	rhombus	Public	Racket	73	https://github.com/racket/rhombus/forks	501	https://github.com/racket/rhombus/stargazers	•	0	https://github.com/racket/rhombus/pulls
https://github.com/racket/docker	docker	Public	Shell	18	https://github.com/racket/docker/forks	66	https://github.com/racket/docker/stargazers	•	1	https://github.com/racket/docker/pulls
https://github.com/racket/racket	racket	Public	Racket	687	https://github.com/racket/racket/forks	5k	https://github.com/racket/racket/stargazers	•	105	https://github.com/racket/racket/pulls
https://github.com/racket/typed-racket	typed-racket	Public	Racket	104	https://github.com/racket/typed-racket/forks	552	https://github.com/racket/typed-racket/stargazers	•	38	https://github.com/racket/typed-racket/pulls
https://github.com/racket/racket-lang-org	racket-lang-org	Public	Racket	56	https://github.com/racket/racket-lang-org/forks	72	https://github.com/racket/racket-lang-org/stargazers	•	3	https://github.com/racket/racket-lang-org/pulls
https://github.com/racket/gui	gui	Public	Racket	80	https://github.com/racket/gui/forks	68	https://github.com/racket/gui/stargazers	•	13	https://github.com/racket/gui/pulls
https://github.com/racket/scribble	scribble	Public	Racket	98	https://github.com/racket/scribble/forks	240	https://github.com/racket/scribble/stargazers	•	27	https://github.com/racket/scribble/pulls
https://github.com/racket/rackunit	rackunit	Public	Racket	35	https://github.com/racket/rackunit/forks	19	https://github.com/racket/rackunit/stargazers	•	8	https://github.com/racket/rackunit/pulls
https://github.com/racket/drracket	drracket	Public	Racket	95	https://github.com/racket/drracket/forks	484	https://github.com/racket/drracket/stargazers	•	13	https://github.com/racket/drracket/pulls
https://github.com/racket/redex	redex	Public	Racket	38	https://github.com/racket/redex/forks	98	https://github.com/racket/redex/stargazers	•	7	https://github.com/racket/redex/pulls
https://github.com/racket/string-constants	string-constants	Public	Racket	34	https://github.com/racket/string-constants/forks	6	https://github.com/racket/string-constants/stargazers	•	6	https://github.com/racket/string-constants/pulls
https://github.com/racket/htdp	htdp	Public	Racket	73	https://github.com/racket/htdp/forks	109	https://github.com/racket/htdp/stargazers	•	4	https://github.com/racket/htdp/pulls
https://github.com/racket/release-catalog	release-catalog	Public	Racket	9	https://github.com/racket/release-catalog/forks	4	https://github.com/racket/release-catalog/stargazers	•	0	https://github.com/racket/release-catalog/pulls
https://github.com/racket/distributed-places	distributed-places	Public	Racket	9	https://github.com/racket/distributed-places/forks	3	https://github.com/racket/distributed-places/stargazers	•	0	https://github.com/racket/distributed-places/pulls
https://github.com/racket/simple-tree-text-markup	simple-tree-text-markup	Public	Racket	8	https://github.com/racket/simple-tree-text-markup/forks	3	https://github.com/racket/simple-tree-text-markup/stargazers	•	0	https://github.com/racket/simple-tree-text-markup/pulls
https://github.com/racket/realm	realm	Public	Racket	34	https://github.com/racket/realm/forks	73	https://github.com/racket/realm/stargazers	•	0	https://github.com/racket/realm/pulls
https://github.com/racket/r6rs	r6rs	Public	HTML	10	https://github.com/racket/r6rs/forks	7	https://github.com/racket/r6rs/stargazers	•	2	https://github.com/racket/r6rs/pulls
https://github.com/racket/expeditor	expeditor	Public	Racket	15	https://github.com/racket/expeditor/forks	9	https://github.com/racket/expeditor/stargazers	•	0	https://github.com/racket/expeditor/pulls
https://github.com/racket/web-server	web-server	Public	Racket	46	https://github.com/racket/web-server/forks	96	https://github.com/racket/web-server/stargazers	•	3	https://github.com/racket/web-server/pulls
https://github.com/racket/sasl	sasl	Public	Racket	9	https://github.com/racket/sasl/forks	2	https://github.com/racket/sasl/stargazers	•	0	https://github.com/racket/sasl/pulls
https://github.com/racket/syntax-color	syntax-color	Public	Racket	16	https://github.com/racket/syntax-color/forks	8	https://github.com/racket/syntax-color/stargazers	•	1	https://github.com/racket/syntax-color/pulls
https://github.com/racket/icons	icons	Public	Racket	8	https://github.com/racket/icons/forks	2	https://github.com/racket/icons/stargazers	•	0	https://github.com/racket/icons/pulls
https://github.com/racket/shell-completion	shell-completion	Public	Shell	10	https://github.com/racket/shell-completion/forks	6	https://github.com/racket/shell-completion/stargazers	•	1	https://github.com/racket/shell-completion/pulls
https://github.com/racket/algol60	algol60	Public	Racket	13	https://github.com/racket/algol60/forks	13	https://github.com/racket/algol60/stargazers	•	1	https://github.com/racket/algol60/pulls
https://github.com/racket/plai	plai	Public	Racket	16	https://github.com/racket/plai/forks	8	https://github.com/racket/plai/stargazers	•	1	https://github.com/racket/plai/pulls
https://github.com/racket/math	math	Public	Racket	31	https://github.com/racket/math/forks	39	https://github.com/racket/math/stargazers	•	1	https://github.com/racket/math/pulls
https://github.com/racket/gui-pkg-manager	gui-pkg-manager	Public	Racket	12	https://github.com/racket/gui-pkg-manager/forks	2	https://github.com/racket/gui-pkg-manager/stargazers	•	0	https://github.com/racket/gui-pkg-manager/pulls
https://github.com/racket/trace	trace	Public	Racket	9	https://github.com/racket/trace/forks	2	https://github.com/racket/trace/stargazers	•	0	https://github.com/racket/trace/pulls
https://github.com/racket/lazy	lazy	Public	Racket	7	https://github.com/racket/lazy/forks	7	https://github.com/racket/lazy/stargazers	•	1	https://github.com/racket/lazy/pulls
https://github.com/racket/data	data	Public	Racket	23	https://github.com/racket/data/forks	19	https://github.com/racket/data/stargazers	•	1	https://github.com/racket/data/pulls
https://github.com/racket/scheme-lib	scheme-lib	Public	Racket	8	https://github.com/racket/scheme-lib/forks	2	https://github.com/racket/scheme-lib/stargazers	•	0	https://github.com/racket/scheme-lib/pulls
https://github.com/racket/make	make	Public	Racket	13	https://github.com/racket/make/forks	5	https://github.com/racket/make/stargazers	•	1	https://github.com/racket/make/pulls
https://github.com/racket/sgl	sgl	Public	Racket	9	https://github.com/racket/sgl/forks	7	https://github.com/racket/sgl/stargazers	•	0	https://github.com/racket/sgl/pulls
https://github.com/racket/racklog	racklog	Public	Racket	17	https://github.com/racket/racklog/forks	17	https://github.com/racket/racklog/stargazers	•	0	https://github.com/racket/racklog/pulls
https://github.com/racket/plot	plot	Public	Racket	37	https://github.com/racket/plot/forks	44	https://github.com/racket/plot/stargazers	•	0	https://github.com/racket/plot/pulls
https://github.com/racket/option-contract	option-contract	Public	Racket	10	https://github.com/racket/option-contract/forks	3	https://github.com/racket/option-contract/stargazers	•	0	https://github.com/racket/option-contract/pulls
https://github.com/racket/images	images	Public	Racket	11	https://github.com/racket/images/forks	5	https://github.com/racket/images/stargazers	•	0	https://github.com/racket/images/pulls
https://github.com/racket/profile	profile	Public	Racket	13	https://github.com/racket/profile/forks	1	https://github.com/racket/profile/stargazers	•	0	https://github.com/racket/profile/pulls
https://github.com/racket/2d	2d	Public	Racket	6	https://github.com/racket/2d/forks	20	https://github.com/racket/2d/stargazers	•	0	https://github.com/racket/2d/pulls
https://github.com/racket/main-distribution	main-distribution	Public	Racket	5	https://github.com/racket/main-distribution/forks	3	https://github.com/racket/main-distribution/stargazers	•	1	https://github.com/racket/main-distribution/pulls
https://github.com/racket/parser-tools	parser-tools	Public	Racket	20	https://github.com/racket/parser-tools/forks	13	https://github.com/racket/parser-tools/stargazers	•	3	https://github.com/racket/parser-tools/pulls
https://github.com/racket/future-visualizer	future-visualizer	Public	Racket	3	https://github.com/racket/future-visualizer/forks	3	https://github.com/racket/future-visualizer/stargazers	•	0	https://github.com/racket/future-visualizer/pulls
https://github.com/racket/snip	snip	Public	Racket	13	https://github.com/racket/snip/forks	5	https://github.com/racket/snip/stargazers	•	0	https://github.com/racket/snip/pulls
https://github.com/racket/r5rs	r5rs	Public	HTML	6	https://github.com/racket/r5rs/forks	7	https://github.com/racket/r5rs/stargazers	•	1	https://github.com/racket/r5rs/pulls
https://github.com/racket/cext-lib	cext-lib	Public	Racket	3	https://github.com/racket/cext-lib/forks	2	https://github.com/racket/cext-lib/stargazers	•	0	https://github.com/racket/cext-lib/pulls
https://github.com/racket/eli-tester	eli-tester	Public	Racket	2	https://github.com/racket/eli-tester/forks	2	https://github.com/racket/eli-tester/stargazers	•	0	https://github.com/racket/eli-tester/pulls
https://github.com/racket/slideshow	slideshow	Public	Racket	20	https://github.com/racket/slideshow/forks	37	https://github.com/racket/slideshow/stargazers	•	3	https://github.com/racket/slideshow/pulls
https://github.com/racket/plt-web	plt-web	Public	CSS	3	https://github.com/racket/plt-web/forks	3	https://github.com/racket/plt-web/stargazers	•	0	https://github.com/racket/plt-web/pulls
https://github.com/racket/wxme	wxme	Public	Racket	5	https://github.com/racket/wxme/forks	2	https://github.com/racket/wxme/stargazers	•	0	https://github.com/racket/wxme/pulls
https://github.com/racket/games	games	Public	Racket	22	https://github.com/racket/games/forks	51	https://github.com/racket/games/stargazers	•	0	https://github.com/racket/games/pulls
https://github.com/racket/frtime	frtime	Public	Racket	6	https://github.com/racket/frtime/forks	20	https://github.com/racket/frtime/stargazers	•	0	https://github.com/racket/frtime/pulls
https://github.com/racket/pict	pict	Public	Racket	21	https://github.com/racket/pict/forks	17	https://github.com/racket/pict/stargazers	•	6	https://github.com/racket/pict/pulls
https://github.com/racket/slatex	slatex	Public	Racket	3	https://github.com/racket/slatex/forks	2	https://github.com/racket/slatex/stargazers	•	0	https://github.com/racket/slatex/pulls
https://github.com/racket/mysterx	mysterx	Public	Racket	2	https://github.com/racket/mysterx/forks	1	https://github.com/racket/mysterx/stargazers	•	0	https://github.com/racket/mysterx/pulls
https://github.com/racket/draw	draw	Public	Racket	24	https://github.com/racket/draw/forks	19	https://github.com/racket/draw/stargazers	•	4	https://github.com/racket/draw/pulls
https://github.com/racket/db	db	Public	Racket	17	https://github.com/racket/db/forks	23	https://github.com/racket/db/stargazers	•	0	https://github.com/racket/db/pulls
https://github.com/racket/html	html	Public	Racket	2	https://github.com/racket/html/forks	1	https://github.com/racket/html/stargazers	•	0	https://github.com/racket/html/pulls
https://github.com/racket/class-iop	class-iop	Public	Racket	2	https://github.com/racket/class-iop/forks	2	https://github.com/racket/class-iop/stargazers	•	0	https://github.com/racket/class-iop/pulls
https://github.com/racket/deinprogramm	deinprogramm	Public	Racket	10	https://github.com/racket/deinprogramm/forks	4	https://github.com/racket/deinprogramm/stargazers	•	0	https://github.com/racket/deinprogramm/pulls
https://github.com/racket/swindle	swindle	Public	Racket	5	https://github.com/racket/swindle/forks	11	https://github.com/racket/swindle/stargazers	•	2	https://github.com/racket/swindle/pulls
https://github.com/racket/eopl	eopl	Public	Racket	14	https://github.com/racket/eopl/forks	39	https://github.com/racket/eopl/stargazers	•	0	https://github.com/racket/eopl/pulls
https://github.com/racket/srfi	srfi	Public	HTML	10	https://github.com/racket/srfi/forks	10	https://github.com/racket/srfi/stargazers	•	1	https://github.com/racket/srfi/pulls
https://github.com/racket/planet	planet	Public	Racket	2	https://github.com/racket/planet/forks	2	https://github.com/racket/planet/stargazers	•	0	https://github.com/racket/planet/pulls
https://github.com/racket/distro-build	distro-build	Public	Racket	18	https://github.com/racket/distro-build/forks	8	https://github.com/racket/distro-build/stargazers	•	0	https://github.com/racket/distro-build/pulls
https://github.com/racket/mzscheme	mzscheme	Public	Racket	3	https://github.com/racket/mzscheme/forks	12	https://github.com/racket/mzscheme/stargazers	•	0	https://github.com/racket/mzscheme/pulls
https://github.com/racket/macro-debugger	macro-debugger	Public	Racket	16	https://github.com/racket/macro-debugger/forks	8	https://github.com/racket/macro-debugger/stargazers	•	3	https://github.com/racket/macro-debugger/pulls
https://github.com/racket/contract-profile	contract-profile	Public	Racket	5	https://github.com/racket/contract-profile/forks	2	https://github.com/racket/contract-profile/stargazers	•	1	https://github.com/racket/contract-profile/pulls
https://github.com/racket/compatibility	compatibility	Public	Racket	9	https://github.com/racket/compatibility/forks	5	https://github.com/racket/compatibility/stargazers	•	1	https://github.com/racket/compatibility/pulls
https://github.com/racket/readline	readline	Public	Racket	9	https://github.com/racket/readline/forks	5	https://github.com/racket/readline/stargazers	•	1	https://github.com/racket/readline/pulls
https://github.com/racket/ds-store	ds-store	Public	Racket	3	https://github.com/racket/ds-store/forks	2	https://github.com/racket/ds-store/stargazers	•	0	https://github.com/racket/ds-store/pulls
https://github.com/racket/xrepl	xrepl	Public	Racket	10	https://github.com/racket/xrepl/forks	7	https://github.com/racket/xrepl/stargazers	•	0	https://github.com/racket/xrepl/pulls
https://github.com/racket/mzcom	mzcom	Public	Racket	2	https://github.com/racket/mzcom/forks	1	https://github.com/racket/mzcom/stargazers	•	0	https://github.com/racket/mzcom/pulls
https://github.com/racket/main-distribution-test	main-distribution-test	Public	Racket	3	https://github.com/racket/main-distribution-test/forks	1	https://github.com/racket/main-distribution-test/stargazers	•	0	https://github.com/racket/main-distribution-test/pulls
https://github.com/racket/errortrace	errortrace	Public	Racket	13	https://github.com/racket/errortrace/forks	8	https://github.com/racket/errortrace/stargazers	•	2	https://github.com/racket/errortrace/pulls
https://github.com/racket/preprocessor	preprocessor	Public	Racket	2	https://github.com/racket/preprocessor/forks	3	https://github.com/racket/preprocessor/stargazers	•	0	https://github.com/racket/preprocessor/pulls
https://github.com/racket/pict-snip	pict-snip	Public	Racket	3	https://github.com/racket/pict-snip/forks	2	https://github.com/racket/pict-snip/stargazers	•	1	https://github.com/racket/pict-snip/pulls
https://github.com/racket/serialize-cstruct-lib	serialize-cstruct-lib	Public	Racket	2	https://github.com/racket/serialize-cstruct-lib/forks	1	https://github.com/racket/serialize-cstruct-lib/stargazers	•	0	https://github.com/racket/serialize-cstruct-lib/pulls
https://github.com/racket/unix-socket	unix-socket	Public	Racket	7	https://github.com/racket/unix-socket/forks	9	https://github.com/racket/unix-socket/stargazers	•	0	https://github.com/racket/unix-socket/pulls
https://github.com/racket/pconvert	pconvert	Public	Racket	4	https://github.com/racket/pconvert/forks	1	https://github.com/racket/pconvert/stargazers	•	1	https://github.com/racket/pconvert/pulls
https://github.com/racket/remote-shell	remote-shell	Public	Racket	8	https://github.com/racket/remote-shell/forks	9	https://github.com/racket/remote-shell/stargazers	•	0	https://github.com/racket/remote-shell/pulls
https://github.com/racket/datalog	datalog	Public	Racket	14	https://github.com/racket/datalog/forks	48	https://github.com/racket/datalog/stargazers	•	0	https://github.com/racket/datalog/pulls
https://github.com/racket/picturing-programs	picturing-programs	Public	Racket	5	https://github.com/racket/picturing-programs/forks	8	https://github.com/racket/picturing-programs/stargazers	•	0	https://github.com/racket/picturing-programs/pulls
https://github.com/racket/pb	pb	Public		1	https://github.com/racket/pb/forks	3	https://github.com/racket/pb/stargazers		0	https://github.com/racket/pb/pulls
https://github.com/racket/libs	libs	Public	Racket	15	https://github.com/racket/libs/forks	15	https://github.com/racket/libs/stargazers	•	0	https://github.com/racket/libs/pulls
https://github.com/racket/racket-pkg-website	racket-pkg-website	Public	Racket	18	https://github.com/racket/racket-pkg-website/forks	13	https://github.com/racket/racket-pkg-website/stargazers	•	3	https://github.com/racket/racket-pkg-website/pulls
https://github.com/racket/pkg-build	pkg-build	Public	Racket	10	https://github.com/racket/pkg-build/forks	5	https://github.com/racket/pkg-build/stargazers	•	1	https://github.com/racket/pkg-build/pulls
https://github.com/racket/rhombus-lang-org	rhombus-lang-org	Public	Racket	2	https://github.com/racket/rhombus-lang-org/forks	5	https://github.com/racket/rhombus-lang-org/stargazers	•	0	https://github.com/racket/rhombus-lang-org/pulls
https://github.com/racket/drdr	drdr	Public	Racket	5	https://github.com/racket/drdr/forks	5	https://github.com/racket/drdr/stargazers	•	0	https://github.com/racket/drdr/pulls
https://github.com/racket/plt-service-monitor	plt-service-monitor	Public	Racket	2	https://github.com/racket/plt-service-monitor/forks	5	https://github.com/racket/plt-service-monitor/stargazers	•	0	https://github.com/racket/plt-service-monitor/pulls
https://github.com/racket/zuo	zuo	Public	C	32	https://github.com/racket/zuo/forks	304	https://github.com/racket/zuo/stargazers	•	1	https://github.com/racket/zuo/pulls
https://github.com/racket/handin	handin	Public	Racket	17	https://github.com/racket/handin/forks	10	https://github.com/racket/handin/stargazers	•	8	https://github.com/racket/handin/pulls
https://github.com/racket/ChezScheme	ChezScheme	Public	Scheme	1k	https://github.com/racket/ChezScheme/forks	109	https://github.com/racket/ChezScheme/stargazers	•	0	https://github.com/racket/ChezScheme/pulls
https://github.com/racket/plt-build-plot	plt-build-plot	Public	Racket	2	https://github.com/racket/plt-build-plot/forks	4	https://github.com/racket/plt-build-plot/stargazers	•	0	https://github.com/racket/plt-build-plot/pulls
https://github.com/racket/raco-cross	raco-cross	Public	Racket	5	https://github.com/racket/raco-cross/forks	7	https://github.com/racket/raco-cross/stargazers	•	0	https://github.com/racket/raco-cross/pulls
https://github.com/racket/pkg-index	pkg-index	Public	CSS	14	https://github.com/racket/pkg-index/forks	7	https://github.com/racket/pkg-index/stargazers	•	2	https://github.com/racket/pkg-index/pulls
https://github.com/racket/infrastructure-userdb	infrastructure-userdb	Public	Racket	2	https://github.com/racket/infrastructure-userdb/forks	2	https://github.com/racket/infrastructure-userdb/stargazers	•	0	https://github.com/racket/infrastructure-userdb/pulls
https://github.com/racket/honu	honu	Public	Racket	4	https://github.com/racket/honu/forks	19	https://github.com/racket/honu/stargazers	•	0	https://github.com/racket/honu/pulls
https://github.com/racket/racket-ci	racket-ci	Public		1	https://github.com/racket/racket-ci/forks	6	https://github.com/racket/racket-ci/stargazers		0	https://github.com/racket/racket-ci/pulls
https://github.com/racket/pkg-push	pkg-push	Public	Racket	2	https://github.com/racket/pkg-push/forks	2	https://github.com/racket/pkg-push/stargazers	•	1	https://github.com/racket/pkg-push/pulls
https://github.com/racket/sandbox-lib	sandbox-lib	Public archive	Racket	1	https://github.com/racket/sandbox-lib/forks	4	https://github.com/racket/sandbox-lib/stargazers	•	0	https://github.com/racket/sandbox-lib/pulls
https://github.com/racket/readline-gpl	readline-gpl	Public	Racket	4	https://github.com/racket/readline-gpl/forks	2	https://github.com/racket/readline-gpl/stargazers	•	0	https://github.com/racket/readline-gpl/pulls
https://github.com/racket/test-pkg-2	test-pkg-2	Public	Racket	1	https://github.com/racket/test-pkg-2/forks	1	https://github.com/racket/test-pkg-2/stargazers	•	0	https://github.com/racket/test-pkg-2/pulls
https://github.com/racket/test-pkg-1	test-pkg-1	Public	Racket	1	https://github.com/racket/test-pkg-1/forks	1	https://github.com/racket/test-pkg-1/stargazers	•	0	https://github.com/racket/test-pkg-1/pulls
https://github.com/racket/old-web	old-web	Public	Scheme	1	https://github.com/racket/old-web/forks	1	https://github.com/racket/old-web/stargazers	•	0	https://github.com/racket/old-web/pulls
https://github.com/racket/gnats-bugs	gnats-bugs	Public		1	https://github.com/racket/gnats-bugs/forks	2	https://github.com/racket/gnats-bugs/stargazers		0	https://github.com/racket/gnats-bugs/pulls
https://github.com/racket/.github	.github	Public		1	https://github.com/racket/.github/forks	1	https://github.com/racket/.github/stargazers		0	https://github.com/racket/.github/pulls
https://github.com/racket/unstable-contract-lib	unstable-contract-lib	Public	Racket	3	https://github.com/racket/unstable-contract-lib/forks	1	https://github.com/racket/unstable-contract-lib/stargazers	•	0	https://github.com/racket/unstable-contract-lib/pulls
https://github.com/racket/pcps-test	pcps-test	Public	Scheme	1	https://github.com/racket/pcps-test/forks	1	https://github.com/racket/pcps-test/stargazers	•	0	https://github.com/racket/pcps-test/pulls
https://github.com/racket/unstable-list-lib	unstable-list-lib	Public	Racket	3	https://github.com/racket/unstable-list-lib/forks	1	https://github.com/racket/unstable-list-lib/stargazers	•	0	https://github.com/racket/unstable-list-lib/pulls
https://github.com/racket/unstable-macro-testing-lib	unstable-macro-testing-lib	Public	Racket	1	https://github.com/racket/unstable-macro-testing-lib/forks	1	https://github.com/racket/unstable-macro-testing-lib/stargazers	•	0	https://github.com/racket/unstable-macro-testing-lib/pulls
https://github.com/racket/unstable-2d	unstable-2d	Public	Racket	1	https://github.com/racket/unstable-2d/forks	1	https://github.com/racket/unstable-2d/stargazers	•	0	https://github.com/racket/unstable-2d/pulls
https://github.com/racket/unstable-parameter-group-lib	unstable-parameter-group-lib	Public	Racket	1	https://github.com/racket/unstable-parameter-group-lib/forks	1	https://github.com/racket/unstable-parameter-group-lib/stargazers	•	0	https://github.com/racket/unstable-parameter-group-lib/pulls
https://github.com/racket/unstable-options-lib	unstable-options-lib	Public	Racket	1	https://github.com/racket/unstable-options-lib/forks	1	https://github.com/racket/unstable-options-lib/stargazers	•	0	https://github.com/racket/unstable-options-lib/pulls
https://github.com/racket/unstable-pretty-lib	unstable-pretty-lib	Public	Racket	2	https://github.com/racket/unstable-pretty-lib/forks	1	https://github.com/racket/unstable-pretty-lib/stargazers	•	0	https://github.com/racket/unstable-pretty-lib/pulls
https://github.com/racket/unstable-latent-contract-lib	unstable-latent-contract-lib	Public	Racket	1	https://github.com/racket/unstable-latent-contract-lib/forks	1	https://github.com/racket/unstable-latent-contract-lib/stargazers	•	0	https://github.com/racket/unstable-latent-contract-lib/pulls
https://github.com/racket/unstable-debug-lib	unstable-debug-lib	Public	Racket	1	https://github.com/racket/unstable-debug-lib/forks	1	https://github.com/racket/unstable-debug-lib/stargazers	•	0	https://github.com/racket/unstable-debug-lib/pulls
https://github.com/racket/unstable	unstable	Public	Racket	5	https://github.com/racket/unstable/forks	2	https://github.com/racket/unstable/stargazers	•	0	https://github.com/racket/unstable/pulls
https://github.com/racket/unstable-redex	unstable-redex	Public	Racket	3	https://github.com/racket/unstable-redex/forks	1	https://github.com/racket/unstable-redex/stargazers	•	0	https://github.com/racket/unstable-redex/pulls
https://github.com/racket/unstable-flonum	unstable-flonum	Public	Racket	1	https://github.com/racket/unstable-flonum/forks	1	https://github.com/racket/unstable-flonum/stargazers	•	0	https://github.com/racket/unstable-flonum/pulls
https://github.com/racket/taking-screenshots	taking-screenshots	Public	Scheme	1	https://github.com/racket/taking-screenshots/forks	1	https://github.com/racket/taking-screenshots/stargazers	•	0	https://github.com/racket/taking-screenshots/pulls
https://github.com/racket/drdr2	drdr2	Public	Racket	3	https://github.com/racket/drdr2/forks	1	https://github.com/racket/drdr2/stargazers	•	0	https://github.com/racket/drdr2/pulls
https://github.com/racket/email-notifications	email-notifications	Public	JavaScript	1	https://github.com/racket/email-notifications/forks	1	https://github.com/racket/email-notifications/stargazers	•	0	https://github.com/racket/email-notifications/pulls
https://github.com/racket/racket7	racket7	Public archive	Racket	9	https://github.com/racket/racket7/forks	169	https://github.com/racket/racket7/stargazers	•	0	https://github.com/racket/racket7/pulls
https://github.com/racket/compiler	compiler	Public archive	Racket	6	https://github.com/racket/compiler/forks	5	https://github.com/racket/compiler/stargazers	•	0	https://github.com/racket/compiler/pulls
https://github.com/racket/visual-design	visual-design	Public		1	https://github.com/racket/visual-design/forks	1	https://github.com/racket/visual-design/stargazers		0	https://github.com/racket/visual-design/pulls
https://github.com/racket/net	net	Public archive	Racket	5	https://github.com/racket/net/forks	1	https://github.com/racket/net/stargazers	•	0	https://github.com/racket/net/pulls
https://github.com/racket/schemeunit	schemeunit	Public	Racket	1	https://github.com/racket/schemeunit/forks	1	https://github.com/racket/schemeunit/stargazers	•	0	https://github.com/racket/schemeunit/pulls
https://github.com/racket/old-plt	old-plt	Public	Scheme	2	https://github.com/racket/old-plt/forks	9	https://github.com/racket/old-plt/stargazers	•	0	https://github.com/racket/old-plt/pulls
